{
  "population_factor" : 0.5,
  "Pi" : 0,
  "inv_avg_age_in_days" : 3.424657534246575e-05,
  "b" : 0.8,
  "e_E" : 0,
  "e_Q" : 0,
  "e_J" : 0.05,
  "g_1" : 0.05263157894736842,
  "g_2" : 0.14285714285714285,
  "s_1" : 0.07142857142857142,
  "s_2" : 0.14285714285714285,
  "k_1" : 0.3333333333,
  "k_2" : 0.07142857142857142,
  "d_1" : 0.0071428571428571435,
  "d_2" : 0.004285714285714286
}
